{
  "routes": [
    {
      "route": "/*",
      "serve": "/index.html",
      "statusCode": 200
    }
  ],
  "globalHeaders": {
    "Access-Control-Allow-Origin": "*",
    "Access-Control-Allow-Methods": "GET, POST, PUT, DELETE, OPTIONS"
  },
  "environmentVariables": {
    "APPLICATIONINSIGHTS_CONNECTION_STRING": "InstrumentationKey=ef8068b0-661b-4f7f-8331-7f239f823660;IngestionEndpoint=https://germanywestcentral-1.in.applicationinsights.azure.com/;LiveEndpoint=https://germanywestcentral.livediagnostics.monitor.azure.com/;ApplicationId=ee1a779a-b261-4aa0-a97a-aa90a15e9c8c",
    "APPINSIGHTS_INSTRUMENTATIONKEY": "ef8068b0-661b-4f7f-8331-7f239f823660"
  }
}
